frame_nmr,car_id,car_bbox,license_plate_bbox,license_plate_bbox_score,license_number,license_number_score
0,2,[107 227 949 664],[597.9487915039062 522.08740234375 789.6681518554688 592.1307983398438],0.7312483787536621,None,None
0,1,[80 98 257 228],[123.63534545898438 172.0805206298828 170.67686462402344 198.2167205810547],0.31873777508735657,None,None
1,2,[113 227 944 657],[584.4771118164062 517.027587890625 778.162841796875 589.0787353515625],0.7337494492530823,None,None
2,2,[113 226 935 653],[567.7832641601562 517.654052734375 762.0701904296875 587.4336547851562],0.7395926117897034,None,None
2,1,[75 96 262 234],[122.74211120605469 181.2908935546875 171.5879669189453 206.15838623046875],0.4856083393096924,None,None
3,2,[110 226 920 647],[556.6995239257812 518.0586547851562 744.218994140625 585.2486572265625],0.7424843907356262,None,None
3,1,[70 95 262 237],[116.81485748291016 186.57470703125 167.57696533203125 208.1734161376953],0.4907408356666565,None,None
4,2,[105 225 912 646],[533.3941650390625 515.6328735351562 730.6138305664062 582.9906005859375],0.7507594227790833,None,None
4,1,[61 94 261 242],[110.35736846923828 186.89491271972656 164.095947265625 210.19027709960938],0.5149005651473999,None,None
5,2,[100 224 900 642],[519.5123901367188 510.5213623046875 710.9590454101562 578.9005737304688],0.7401978969573975,None,None
5,1,[48 91 256 245],[97.40190887451172 187.23094177246094 151.021240234375 211.56700134277344],0.5632504820823669,None,None
6,2,[96 224 885 636],[500.57269287109375 505.11883544921875 696.0509033203125 575.1828002929688],0.7269129753112793,None,None
6,1,[35 87 252 247],[85.95942687988281 185.82687377929688 143.50050354003906 211.18775939941406],0.46681979298591614,None,None
7,2,[94 222 874 631],[493.8409423828125 501.2908630371094 687.2451782226562 568.1334838867188],0.7340836524963379,None,None
7,1,[28 84 250 248],[81.74969482421875 184.63067626953125 142.58407592773438 211.1375732421875],0.4964190423488617,None,None
8,2,[99 219 871 625],[482.449951171875 495.02105712890625 681.9747314453125 563.4678344726562],0.7280336022377014,None,None
8,1,[23 78 254 247],[79.82830047607422 183.09991455078125 142.6045379638672 210.00379943847656],0.3550749123096466,None,None
9,2,[100 216 865 618],[476.34014892578125 494.3136901855469 675.12646484375 558.228759765625],0.6982429027557373,None,None
9,1,[18 74 256 248],[74.26372528076172 183.762939453125 139.4743194580078 211.3941192626953],0.5442715883255005,None,None
10,2,[103 218 853 614],[470.1360778808594 490.7179260253906 662.342529296875 554.5],0.7242960929870605,None,None
10,1,[10 70 256 250],[65.28279876708984 184.63250732421875 132.92173767089844 212.69989013671875],0.33770012855529785,None,None
11,2,[100 213 848 609],[457.2497863769531 481.7202453613281 652.3187866210938 545.6985473632812],0.7283287644386292,None,None
11,1,[0 68 256 255],[50.027896881103516 184.7675323486328 123.29713439941406 214.63201904296875],0.4872182309627533,None,None
12,2,[101 212 843 606],[440.8719482421875 479.4287109375 635.603515625 544.4083251953125],0.686545729637146,None,None
12,1,[0 63 255 258],[34.61542892456055 186.77574157714844 107.98894500732422 218.7216796875],0.3778747618198395,None,None
13,2,[93 209 833 603],[427.01556396484375 476.2886047363281 620.1729736328125 540.51220703125],0.7221934795379639,None,None
13,1,[0 60 253 262],[17.980884552001953 188.62742614746094 95.2349853515625 222.41030883789062],0.5411455035209656,None,None
14,2,[89 209 823 600],[417.5731201171875 475.7384033203125 608.923095703125 536.7728881835938],0.7194557785987854,None,None
14,1,[0 59 253 270],[2.4875471591949463 195.2056884765625 78.01200866699219 226.00881958007812],0.3969751000404358,None,None
15,2,[84 209 813 598],[398.4425048828125 470.3460998535156 596.3529663085938 535.5443115234375],0.7314584255218506,None,None
15,1,[0 57 251 277],[0.8082156181335449 196.75840759277344 58.23784637451172 226.88572692871094],0.40752583742141724,None,None
16,2,[64 190 825 601],[389.5384521484375 469.2878723144531 582.192626953125 533.1746826171875],0.7289088368415833,None,None
16,1,[0 55 245 277],[0.0 202.5485076904297 43.14149856567383 233.0518341064453],0.3137415945529938,None,None
17,2,[70 198 808 599],[374.48040771484375 468.02203369140625 572.2716674804688 532.5722045898438],0.718792200088501,None,None
17,1,[0 54 235 274],[0.2977655827999115 208.0733642578125 25.642839431762695 238.59762573242188],0.46988990902900696,None,None
18,2,[74 204 803 602],[365.3373718261719 468.85784912109375 559.3765869140625 533.068603515625],0.7302897572517395,None,None
19,2,[27 157 833 607],[358.7087097167969 472.3969421386719 551.449462890625 535.50830078125],0.7239578366279602,None,None
20,2,[57 188 801 607],[349.8492736816406 472.35797119140625 545.243896484375 535.0859985351562],0.7296275496482849,None,None
21,2,[69 208 776 608],[341.8694152832031 473.68212890625 535.7509155273438 535.9175415039062],0.7341346740722656,None,None
22,2,[68 218 760 610],[335.7542419433594 474.0989074707031 528.156494140625 538.9541625976562],0.7196022272109985,None,None
23,2,[63 217 758 612],[330.9443054199219 477.8157043457031 522.7274169921875 539.6124267578125],0.7175413370132446,None,None
24,2,[53 215 755 616],[320.8973083496094 477.5152893066406 513.5628051757812 540.2103881835938],0.7122300267219543,None,None
25,2,[44 215 747 618],[313.08099365234375 477.1941833496094 506.734619140625 541.0528564453125],0.7180836796760559,None,None
26,2,[44 217 740 617],[254.32577514648438 248.055908203125 444.46319580078125 327.8017272949219],0.2822931408882141,None,None
27,2,[33 213 735 618],[300.0537414550781 471.4173889160156 493.6236267089844 536.3219604492188],0.7461218237876892,None,None
28,2,[35 214 731 615],[291.41741943359375 468.89404296875 489.13336181640625 533.952880859375],0.7128573656082153,None,None
29,2,[37 216 723 611],[285.416015625 466.942626953125 481.7593994140625 530.982177734375],0.7088522911071777,None,None
30,2,[36 216 714 607],[282.7564392089844 463.3174133300781 475.68463134765625 526.1992797851562],0.7170766592025757,None,None
31,2,[34 216 706 603],[279.65740966796875 461.7070617675781 468.9543762207031 524.9729614257812],0.7122714519500732,None,None
32,2,[36 217 699 599],[278.8398742675781 458.54217529296875 466.85711669921875 522.2477416992188],0.7070554494857788,None,None
33,2,[39 217 693 595],[283.1335754394531 456.6755676269531 465.61431884765625 517.1713256835938],0.727262556552887,None,None
34,2,[48 220 687 591],[282.6859436035156 455.24365234375 464.8735656738281 517.6170654296875],0.6807037591934204,None,None
35,2,[52 224 681 588],[287.818359375 454.35699462890625 465.3560485839844 512.9324340820312],0.6874980926513672,None,None
36,2,[67 232 677 585],[293.56671142578125 452.253662109375 468.3301696777344 510.8909606933594],0.7011718153953552,None,None
37,2,[79 237 673 581],[299.3837890625 450.7174377441406 469.3360900878906 506.3165283203125],0.717248260974884,None,None
38,2,[91 238 673 576],[304.7096252441406 448.8434753417969 471.0340270996094 503.450927734375],0.7224865555763245,None,None
39,2,[102 241 671 572],[309.9248046875 445.6748962402344 472.177734375 501.50408935546875],0.7058051824569702,None,None
40,2,[113 243 670 567],[312.42523193359375 440.7207946777344 475.19366455078125 498.5008544921875],0.7033900022506714,None,None
41,2,[122 240 671 560],[319.9944152832031 436.4893493652344 477.0030822753906 492.7588806152344],0.742548406124115,None,None
42,2,[132 239 669 553],[325.70892333984375 434.9819030761719 477.3551330566406 484.6268005371094],0.6820349097251892,None,None
43,2,[142 239 668 546],[330.1273193359375 428.8115234375 478.8417663574219 479.58563232421875],0.6697891354560852,None,None
44,2,[150 236 667 538],[335.7061462402344 422.7532958984375 483.63824462890625 472.71307373046875],0.6944540143013,None,None
45,2,[158 230 667 528],[339.6032409667969 409.2467041015625 485.523681640625 461.59295654296875],0.7161538600921631,None,None
46,2,[167 223 667 516],[343.29144287109375 400.0485534667969 485.9482116699219 449.1131896972656],0.6940163373947144,None,None
47,2,[175 218 665 505],[349.501953125 392.599609375 489.29241943359375 441.5708923339844],0.7003781795501709,None,None
48,2,[181 214 662 495],[349.49713134765625 383.5028381347656 488.38104248046875 434.8382263183594],0.711787223815918,None,None
49,2,[183 209 654 485],[346.96783447265625 376.05206298828125 482.1324157714844 423.9557189941406],0.6986183524131775,None,None
50,2,[183 203 643 472],[343.3126220703125 363.0551452636719 473.731689453125 410.7893981933594],0.7181565761566162,None,None
51,2,[187 195 633 456],[343.1114501953125 347.69818115234375 472.1387023925781 395.4505310058594],0.7031732201576233,None,None
52,2,[191 183 628 438],[342.8759765625 328.9936218261719 471.220458984375 379.4295959472656],0.7103928923606873,None,None
53,2,[197 172 626 422],[347.43658447265625 317.83245849609375 471.63409423828125 364.92291259765625],0.7232286334037781,None,None
54,2,[200 162 626 410],[350.38751220703125 309.91070556640625 470.737060546875 354.40203857421875],0.7180792689323425,None,None
55,2,[203 152 625 399],[351.1942443847656 300.7212829589844 471.1133728027344 347.1129150390625],0.7008983492851257,None,None
56,2,[205 147 621 390],[351.73809814453125 295.29803466796875 468.320556640625 338.37213134765625],0.6863767504692078,None,None
57,2,[208 145 613 381],[348.11639404296875 289.8390197753906 463.7848815917969 332.7533264160156],0.6641334891319275,None,None
59,13,[69 181 935 673],[611.14404296875 472.6066589355469 793.5822143554688 550.8565063476562],0.7303590774536133,None,None
60,13,[44 156 954 674],[594.5352783203125 470.3130187988281 779.7906494140625 557.7156982421875],0.7563949823379517,None,None
61,13,[72 194 915 674],[573.7916259765625 478.5390625 760.0018310546875 559.2981567382812],0.7413361668586731,None,None
62,13,[68 189 918 674],[560.705810546875 484.0750427246094 740.83203125 560.6022338867188],0.7541009187698364,None,None
63,13,[80 206 900 675],[538.00439453125 486.22802734375 724.1941528320312 560.4093017578125],0.7444087862968445,None,None
64,13,[87 222 879 676],[530.6682739257812 490.76861572265625 710.270751953125 562.3131103515625],0.7346351742744446,None,None
65,13,[92 232 864 675],[517.6405639648438 492.4907531738281 693.6799926757812 559.7191162109375],0.769768238067627,None,None
66,13,[92 237 858 678],[506.4068298339844 494.0201110839844 679.9531860351562 560.379638671875],0.765113890171051,None,None
67,13,[83 241 840 678],[492.9923095703125 493.81231689453125 666.141357421875 560.994140625],0.7354102730751038,None,None
68,13,[91 243 838 675],[480.9752502441406 495.4639587402344 652.9671630859375 559.153564453125],0.7426934838294983,None,None
69,13,[91 243 827 672],[469.19000244140625 492.6717834472656 640.2609252929688 561.532470703125],0.7314284443855286,None,None
70,13,[86 244 817 672],[458.5948791503906 492.3472595214844 628.2258911132812 558.2872314453125],0.7234033942222595,None,None
71,13,[85 244 806 669],[453.74017333984375 491.8470458984375 617.5756225585938 555.3218383789062],0.7285805940628052,None,None
72,13,[90 244 801 666],[437.4488220214844 489.2737121582031 607.3275756835938 552.83837890625],0.7442348003387451,None,None
73,13,[91 244 792 663],[429.4544982910156 489.34466552734375 596.0872802734375 550.42333984375],0.7196168303489685,None,None
75,13,[83 244 773 661],[411.64947509765625 488.3973388671875 571.87451171875 545.2185668945312],0.7164700627326965,None,None
76,24,[107 241 732 652],[398.7554626464844 487.4435119628906 560.4476928710938 543.8062744140625],0.7205935716629028,None,None
77,24,[104 244 728 655],[386.9718933105469 484.83380126953125 550.0341796875 541.370361328125],0.734330952167511,None,None
79,13,[82 247 729 648],[363.1479187011719 482.23907470703125 528.1939086914062 540.1104125976562],0.7092599868774414,None,None
80,13,[85 248 719 644],[359.0275573730469 483.5844421386719 509.7563781738281 538.17529296875],0.7038295269012451,None,None
81,13,[85 249 713 645],[343.248291015625 482.7295837402344 502.4932861328125 538.5572509765625],0.7071732878684998,None,None
82,13,[85 249 706 645],[330.2996826171875 480.97088623046875 494.13824462890625 536.57275390625],0.7385261058807373,None,None
83,13,[84 250 698 645],[322.5611572265625 480.41314697265625 485.2005615234375 536.6968383789062],0.7285976409912109,None,None
84,13,[83 249 691 643],[312.3250732421875 477.9340515136719 476.8989562988281 535.6372680664062],0.74196457862854,None,None
85,13,[82 249 684 642],[307.17626953125 476.6933898925781 467.9862060546875 531.2774658203125],0.7290840148925781,None,None
86,13,[81 248 678 641],[299.5540771484375 474.5981140136719 461.4817199707031 530.5651245117188],0.7233066558837891,None,None
87,13,[80 247 673 640],[290.3481750488281 472.24725341796875 454.60467529296875 531.165283203125],0.7286968231201172,None,None
88,13,[79 246 669 639],[292.5816955566406 470.9098205566406 449.6410217285156 526.7509155273438],0.7185776829719543,None,None
89,13,[79 245 667 639],[283.9825744628906 468.5697937011719 444.899658203125 526.2003784179688],0.7268074154853821,None,None
90,13,[81 244 666 638],[279.0430908203125 466.46826171875 441.56231689453125 522.7727661132812],0.7045279145240784,None,None
91,13,[81 240 667 637],[277.6891174316406 465.674560546875 436.4073791503906 521.3507690429688],0.7227623462677002,None,None
92,13,[82 239 668 637],[273.0876770019531 462.8447570800781 438.29302978515625 518.6040649414062],0.7306818962097168,None,None
93,13,[83 239 668 637],[276.17474365234375 461.54949951171875 434.1781005859375 513.82373046875],0.7035823464393616,None,None
94,13,[84 239 668 637],[273.0076904296875 460.4019470214844 431.22564697265625 512.2147827148438],0.712425172328949,None,None
95,13,[84 239 668 636],[273.95391845703125 460.1943054199219 428.1691589355469 511.90631103515625],0.7105385065078735,None,None
96,13,[82 238 667 636],[268.7110595703125 458.776123046875 422.0899353027344 511.8405456542969],0.7229821085929871,None,None
97,13,[81 238 666 637],[266.0489501953125 459.0256652832031 420.326416015625 511.465087890625],0.7186645269393921,None,None
98,13,[78 239 663 636],[259.7111511230469 459.0345458984375 415.006591796875 511.6572265625],0.7161536812782288,None,None
99,13,[72 238 657 634],[250.81143188476562 456.25506591796875 410.3876037597656 511.8541259765625],0.7037389874458313,None,None
100,13,[73 236 657 632],[250.94540405273438 452.57159423828125 407.54437255859375 507.4864807128906],0.7389017343521118,None,None
101,13,[74 233 655 627],[247.559814453125 448.1072998046875 406.654052734375 502.82659912109375],0.7252335548400879,None,None
102,13,[78 230 653 618],[248.19305419921875 441.0762939453125 406.0980529785156 496.3271484375],0.7047824263572693,None,None
103,13,[84 226 651 608],[252.8957977294922 434.1119689941406 408.0850830078125 488.4158935546875],0.7118344902992249,None,None
103,14,[856 171 1025 264],[913.4246215820312 216.24752807617188 960.0759887695312 238.8004913330078],0.369904488325119,None,None
104,13,[92 224 649 598],[256.34649658203125 427.83319091796875 407.76519775390625 481.76812744140625],0.7083207964897156,None,None
104,14,[853 169 1021 262],[910.61181640625 216.24575805664062 957.0902709960938 237.7502899169922],0.4196939766407013,None,None
105,13,[99 221 647 588],[260.2771301269531 419.9658203125 408.8656005859375 473.6830749511719],0.7382328510284424,None,None
105,14,[847 168 1014 261],[901.0524291992188 216.2648162841797 948.7402954101562 237.25303649902344],0.3800220787525177,None,None
106,13,[107 218 644 577],[264.5611267089844 413.9105529785156 409.5390319824219 466.561279296875],0.7305173873901367,None,None
106,14,[839 168 1003 259],[889.8052368164062 214.94232177734375 939.3812255859375 237.85794067382812],0.4284111261367798,None,None
107,13,[115 213 641 564],[269.8918151855469 404.3097839355469 411.8119201660156 456.0802917480469],0.7349916100502014,None,None
108,13,[125 208 640 551],[274.7520751953125 394.60888671875 414.322509765625 446.939208984375],0.717700719833374,None,None
109,13,[135 202 641 538],[284.591064453125 384.6207580566406 419.3207092285156 437.34063720703125],0.7171077728271484,None,None
109,14,[816 162 977 250],[869.9014282226562 202.30380249023438 917.4918823242188 226.85435485839844],0.3374217748641968,None,None
110,13,[146 197 640 525],[293.3636169433594 376.443603515625 421.69024658203125 424.3055725097656],0.7342963814735413,None,None
111,13,[156 192 641 514],[298.7687072753906 365.1113586425781 427.2734375 415.5741882324219],0.7446023225784302,None,None
112,13,[165 183 640 497],[305.98114013671875 350.0322265625 431.7044372558594 403.41845703125],0.7228661775588989,None,None
112,14,[797 150 952 235],[850.7236938476562 187.2946014404297 897.4069213867188 213.18338012695312],0.3288249373435974,None,None
114,38,[0 184 961 717],[380.76458740234375 619.7027587890625 658.9254760742188 717.44482421875],0.7459043860435486,None,None
114,37,[579 36 698 115],[619.4813842773438 65.67243194580078 659.17919921875 90.37355041503906],0.3814944326877594,None,None
115,38,[0 181 934 713],[355.1610107421875 603.9024658203125 626.3526000976562 687.9917602539062],0.7453834414482117,None,None
116,38,[0 186 911 714],[339.9090881347656 593.1358032226562 599.059814453125 673.1841430664062],0.7616584897041321,None,None
117,38,[0 189 886 710],[322.6779479980469 581.0820922851562 570.8735961914062 658.568603515625],0.7353127598762512,None,None
118,38,[0 198 862 708],[303.203125 572.4940795898438 547.9485473632812 645.7282104492188],0.7258079051971436,None,None
119,38,[0 205 838 706],[293.22552490234375 560.1913452148438 527.129150390625 635.665771484375],0.7633613348007202,None,None
120,38,[0 209 819 703],[280.0048828125 549.8035888671875 514.1354370117188 624.8075561523438],0.7637619376182556,None,None
120,37,[644 70 752 142],[677.5531005859375 101.39189910888672 713.326416015625 123.53620910644531],0.28367647528648376,None,None
121,38,[0 214 798 696],[282.7367248535156 546.5369262695312 504.3814697265625 613.8261108398438],0.7282019257545471,None,None
122,38,[0 219 778 689],[281.9001770019531 543.5472412109375 498.0292053222656 611.82470703125],0.7403556704521179,None,None
123,38,[0 226 762 687],[282.3896484375 543.954345703125 488.50677490234375 611.6564331054688],0.7449800372123718,None,None
124,38,[0 237 748 687],[284.04302978515625 543.9785766601562 488.5781555175781 611.506103515625],0.7357033491134644,None,None
125,38,[0 249 734 687],[285.5648498535156 548.64013671875 482.2720031738281 610.8471069335938],0.7039608955383301,None,None
125,37,[706 124 806 191],[739.8047485351562 151.1715087890625 770.9185791015625 176.9628143310547],0.3297562003135681,None,None
126,38,[5 264 736 691],[284.6387634277344 553.0301513671875 482.84442138671875 615.6047973632812],0.7259852290153503,None,None
127,38,[12 278 730 699],[282.369140625 562.517333984375 480.2309875488281 622.7271728515625],0.7156656980514526,None,None
127,37,[730 152 831 220],[764.6006469726562 177.3014678955078 797.46240234375 201.71372985839844],0.29399800300598145,None,None
128,38,[16 293 719 706],[288.1806335449219 575.2691040039062 478.1145935058594 632.67138671875],0.694292426109314,None,None
129,38,[35 307 717 708],[284.6756286621094 582.1522827148438 476.3253173828125 647.034423828125],0.7407488822937012,None,None
129,37,[754 181 857 250],[787.0181274414062 205.7345428466797 818.7742919921875 229.53268432617188],0.2921178340911865,None,None
130,38,[51 321 710 708],[286.4742736816406 595.3001098632812 469.9230651855469 657.736572265625],0.6867148876190186,None,None
131,38,[57 332 704 710],[277.4692077636719 609.5319213867188 466.6029968261719 667.4385375976562],0.6936210989952087,None,None
132,38,[57 345 696 717],[280.8760986328125 619.0198364257812 466.3359375 680.0299072265625],0.732734203338623,None,None
133,38,[59 355 690 719],[281.30450439453125 628.1986083984375 466.2326354980469 689.1510009765625],0.7235903739929199,None,None
134,38,[59 360 688 720],[277.0335693359375 631.6701049804688 467.88970947265625 696.3638916015625],0.7234926819801331,None,None
135,38,[66 363 694 720],[283.8941955566406 635.8562622070312 470.7173156738281 699.821044921875],0.7298959493637085,None,None
135,37,[830 236 946 314],[867.8778076171875 259.3883056640625 908.138671875 284.37078857421875],0.3749646246433258,None,None
136,38,[71 366 700 720],[287.37396240234375 638.2843627929688 478.7290344238281 701.6986083984375],0.7328534126281738,None,None
136,37,[846 238 965 317],[886.6539916992188 260.8282470703125 924.2280883789062 288.89837646484375],0.3281179666519165,None,None
137,38,[70 364 708 720],[283.0384521484375 633.4264526367188 479.6650390625 701.08984375],0.7430062890052795,None,None
137,37,[863 237 982 317],[903.4139404296875 260.6369323730469 942.6365966796875 286.1802673339844],0.33588099479675293,None,None
138,38,[66 360 718 720],[291.149658203125 632.2742919921875 482.0906982421875 694.15673828125],0.7112693190574646,None,None
138,37,[877 230 1001 313],[920.9503173828125 257.31610107421875 957.8367919921875 278.2490539550781],0.37619951367378235,None,None
139,38,[72 355 738 720],[291.434326171875 622.0972900390625 488.0611877441406 689.557373046875],0.747672438621521,None,None
139,37,[893 221 1018 305],[939.2977294921875 244.59693908691406 975.1881103515625 268.7336730957031],0.26534226536750793,None,None
140,38,[72 345 757 719],[297.6005554199219 617.8046264648438 492.88494873046875 679.3907470703125],0.7266509532928467,None,None
141,38,[72 335 776 718],[294.6971435546875 611.767578125 498.6780090332031 676.673095703125],0.7356590628623962,None,None
141,37,[922 198 1056 289],[969.8530883789062 231.19094848632812 1008.3569946289062 250.841064453125],0.30640310049057007,None,None
142,38,[68 329 786 718],[297.11822509765625 606.8850708007812 505.6490173339844 672.9778442382812],0.7176045179367065,None,None
142,37,[939 190 1073 280],[985.5009155273438 218.4530792236328 1026.5718994140625 244.43026733398438],0.2693156898021698,None,None
143,38,[69 321 804 719],[307.16729736328125 604.2557983398438 513.5875854492188 671.9573974609375],0.7024793028831482,None,None
143,37,[956 180 1094 273],[1006.4633178710938 216.9429931640625 1047.6639404296875 237.4275360107422],0.35614892840385437,None,None
144,38,[70 313 819 718],[310.4931335449219 599.5130615234375 522.1968383789062 669.2504272460938],0.7199686169624329,None,None
145,38,[75 303 836 714],[315.5637512207031 593.8052368164062 532.4473876953125 668.85205078125],0.7473136782646179,None,None
146,38,[80 295 858 714],[321.1904602050781 586.32470703125 543.4313354492188 661.878173828125],0.7430189251899719,None,None
147,38,[86 287 878 712],[333.5309143066406 587.728759765625 552.4893188476562 659.1951293945312],0.7278855443000793,None,None
148,38,[98 279 901 709],[348.3313293457031 582.2125244140625 566.0699462890625 652.7890014648438],0.7550577521324158,None,None
149,38,[108 274 920 709],[357.7275390625 573.8834228515625 577.4746704101562 648.4976806640625],0.7472505569458008,None,None
150,38,[112 267 934 708],[375.33880615234375 567.9588012695312 592.4426879882812 640.623291015625],0.7624780535697937,None,None
151,38,[121 263 949 707],[381.2823486328125 558.2694702148438 599.8716430664062 630.561279296875],0.7234657406806946,None,None
152,38,[133 258 969 708],[394.9440002441406 549.4900512695312 612.5984497070312 618.7644653320312],0.7385700345039368,None,None
153,38,[141 255 981 710],[408.92864990234375 545.4291381835938 620.7288208007812 609.05908203125],0.7092810869216919,None,None
154,38,[152 254 989 709],[418.3660888671875 532.3992309570312 624.3848266601562 604.1613159179688],0.7327753305435181,None,None
155,38,[173 252 996 701],[430.2286376953125 526.5341796875 632.6614990234375 594.9985961914062],0.728874683380127,None,None
156,38,[195 251 1000 692],[436.61083984375 518.5597534179688 637.6810913085938 585.6278686523438],0.7250465750694275,None,None
157,38,[202 250 991 683],[451.80755615234375 513.033203125 647.488037109375 581.2454223632812],0.750929594039917,None,None
158,38,[216 250 984 673],[454.1592712402344 504.40228271484375 651.7684326171875 572.6708374023438],0.7222710847854614,None,None
159,38,[231 250 979 663],[458.7749938964844 499.8692626953125 652.89306640625 568.3099975585938],0.7347198724746704,None,None
160,38,[242 251 974 656],[464.58612060546875 495.0982666015625 655.9990844726562 560.765869140625],0.7133716940879822,None,None
161,38,[253 251 967 647],[476.4739990234375 490.7463073730469 659.512451171875 556.3771362304688],0.6974372267723083,None,None
162,38,[264 251 967 641],[490.4745788574219 486.66033935546875 667.5499267578125 548.0834350585938],0.7242556214332581,None,None
163,38,[283 251 974 636],[499.6504211425781 483.6126403808594 673.5520629882812 542.2454833984375],0.7168230414390564,None,None
164,38,[296 251 973 629],[505.8674011230469 480.2171325683594 680.2755737304688 538.8280639648438],0.7268311977386475,None,None
165,38,[309 249 974 623],[518.724853515625 474.8627624511719 683.9860229492188 531.9696044921875],0.7342954874038696,None,None
166,38,[324 250 974 615],[523.6834716796875 469.5955810546875 692.3111572265625 530.2131958007812],0.700082004070282,None,None
167,38,[340 250 974 607],[539.1336059570312 462.1211853027344 701.07568359375 523.4473876953125],0.755989134311676,None,None
167,37,[982 133 1092 231],[1014.9857177734375 175.690185546875 1054.9818115234375 197.2874755859375],0.38488656282424927,None,None
168,38,[351 245 981 600],[544.1485595703125 456.6918640136719 707.1521606445312 517.1264038085938],0.742830216884613,None,None
168,37,[976 133 1089 230],[1012.0366821289062 175.9125213623047 1052.541748046875 196.53549194335938],0.3550967276096344,None,None
169,38,[362 242 982 593],[564.1427612304688 455.39703369140625 718.5480346679688 513.2550659179688],0.7156804800033569,None,None
169,37,[972 133 1087 229],[1010.7906494140625 175.68667602539062 1050.1968994140625 196.50836181640625],0.3063161373138428,None,None
170,38,[376 242 986 588],[565.1843872070312 449.65155029296875 726.6058959960938 511.24273681640625],0.748833179473877,None,None
170,37,[968 133 1085 229],[1006.0438842773438 175.83074951171875 1047.568603515625 197.13226318359375],0.310177206993103,None,None
171,38,[390 241 991 583],[583.7748413085938 450.9395751953125 732.7686767578125 500.9747009277344],0.6950453519821167,None,None
171,37,[963 134 1082 230],[1001.249267578125 175.72305297851562 1042.073486328125 198.3052215576172],0.518014132976532,None,None
172,38,[399 243 992 580],[588.493896484375 447.5553283691406 742.2465209960938 501.71209716796875],0.708607017993927,None,None
172,37,[958 135 1079 231],[999.6610107421875 177.13771057128906 1040.1292724609375 199.5384063720703],0.42765527963638306,None,None
173,38,[413 242 999 576],[597.2374877929688 441.91436767578125 752.291015625 500.3689270019531],0.720516562461853,None,None
173,37,[953 135 1076 233],[996.9727172851562 176.24002075195312 1035.6624755859375 198.923095703125],0.28385600447654724,None,None
174,38,[425 243 1001 572],[603.7161865234375 439.296142578125 757.276611328125 494.32958984375],0.6755520105361938,None,None
174,37,[947 136 1072 233],[992.1192626953125 175.21519470214844 1031.5753173828125 199.32894897460938],0.2683412730693817,None,None
175,38,[436 241 1004 567],[619.863525390625 436.7109680175781 763.95654296875 486.94940185546875],0.7149995565414429,None,None
176,38,[447 242 1003 561],[631.7423095703125 432.3620910644531 767.240234375 484.388671875],0.7214815020561218,None,None
177,38,[455 241 1004 557],[637.8566284179688 428.79241943359375 772.5682983398438 482.2728576660156],0.7106748223304749,None,None
178,38,[465 243 1002 552],[640.279541015625 426.921630859375 777.3775024414062 476.86444091796875],0.7056275010108948,None,None
179,38,[476 247 999 548],[644.3629150390625 422.9769287109375 784.1875 474.8924560546875],0.7243707776069641,None,None
180,38,[482 248 998 544],[654.9196166992188 422.8333740234375 784.5955200195312 470.6805419921875],0.7222046852111816,None,None
181,38,[487 246 999 541],[659.0201416015625 419.72930908203125 786.15234375 469.91424560546875],0.7359796762466431,None,None
181,37,[894 142 1026 238],[943.0171508789062 186.12220764160156 982.8173828125 206.0800018310547],0.31752273440361023,None,None
182,38,[490 244 999 538],[653.6008911132812 418.500732421875 786.751220703125 468.4132995605469],0.7226114273071289,None,None
183,38,[500 253 991 536],[665.2540283203125 416.0558166503906 790.1726684570312 466.26837158203125],0.7508283257484436,None,None
184,38,[511 262 983 533],[662.2060546875 415.1222229003906 793.8310546875 465.9154052734375],0.7055004835128784,None,None
185,38,[513 261 983 531],[665.88330078125 415.19708251953125 791.2877807617188 463.2972412109375],0.7162564396858215,None,None
186,38,[508 254 987 529],[666.3933715820312 414.5376892089844 794.2874145507812 462.16845703125],0.684809684753418,None,None
187,38,[516 260 979 527],[665.5648193359375 413.781494140625 790.1365966796875 460.01995849609375],0.6845086812973022,None,None
188,38,[520 263 975 524],[669.8207397460938 413.646728515625 790.70703125 458.6168518066406],0.6837355494499207,None,None
189,38,[527 269 968 522],[670.7150268554688 412.8757019042969 789.564697265625 454.6040344238281],0.6518253684043884,None,None
190,38,[531 273 961 519],[669.576171875 411.0079345703125 790.863037109375 456.2901306152344],0.677419126033783,None,None
191,38,[535 279 954 518],[680.9580688476562 411.4653625488281 789.320068359375 454.92266845703125],0.6922355890274048,None,None
192,38,[529 271 958 516],[678.6677856445312 412.5557556152344 786.7962036132812 455.0977478027344],0.6632349491119385,None,None
193,38,[540 288 942 515],[674.5932006835938 412.6313781738281 785.1112060546875 455.5228576660156],0.6569177508354187,None,None
194,38,[552 307 925 516],[674.8235473632812 414.8052062988281 785.2882080078125 456.6836853027344],0.6526695489883423,None,None
195,38,[556 317 917 516],[671.0726928710938 416.2982482910156 782.7342529296875 459.9013977050781],0.6586143970489502,None,None
196,38,[552 317 919 517],[672.1192016601562 417.763916015625 781.5612182617188 462.70611572265625],0.6263987421989441,None,None
197,38,[532 296 938 519],[671.3907470703125 420.86346435546875 773.5398559570312 461.64373779296875],0.6670346856117249,None,None
198,38,[526 288 943 519],[674.349609375 423.3772277832031 773.442626953125 461.1537170410156],0.6667343974113464,None,None
199,38,[527 289 940 519],[676.6734008789062 423.4411315917969 774.6177368164062 458.8295593261719],0.6590206027030945,None,None
200,38,[528 290 936 519],[676.2681884765625 424.58489990234375 775.345947265625 460.880615234375],0.6502602100372314,None,None
201,38,[545 310 918 518],[675.3974609375 423.25469970703125 776.6112060546875 461.0585632324219],0.6539332270622253,None,None
202,38,[544 310 917 517],[673.119384765625 422.7170104980469 775.8038940429688 461.2240295410156],0.6084745526313782,LI65GXH,0.11648041305370581
203,38,[537 305 920 519],[673.9723510742188 426.14312744140625 773.1746215820312 461.11859130859375],0.569720983505249,None,None
204,38,[535 306 919 522],[674.7343139648438 425.9577331542969 774.7359008789062 465.49725341796875],0.6482291221618652,None,None
205,38,[527 300 924 525],[672.3855590820312 429.15606689453125 768.911865234375 467.7894592285156],0.6601347327232361,None,None
206,38,[535 318 908 527],[669.4920654296875 430.993408203125 771.0991821289062 470.20220947265625],0.6273261904716492,None,None
207,38,[536 329 899 531],[658.1336669921875 432.69793701171875 765.326904296875 474.6805114746094],0.6307682394981384,None,None
208,38,[524 324 900 534],[655.0094604492188 437.4748840332031 758.4545288085938 473.54217529296875],0.6364558935165405,None,None
209,38,[507 315 902 536],[648.1400756835938 437.317626953125 751.33984375 477.2510986328125],0.6796872615814209,None,None
210,38,[493 306 901 536],[641.6776733398438 437.213623046875 742.8588256835938 472.79541015625],0.6121264696121216,None,None
211,38,[480 299 893 533],[623.8018798828125 430.8818664550781 732.38720703125 471.0306701660156],0.6308193802833557,None,None
212,38,[466 296 877 530],[615.7692260742188 428.71405029296875 713.861572265625 467.6305847167969],0.6293542981147766,None,None
213,38,[341 269 894 579],[636.7669067382812 403.7002868652344 798.0515747070312 465.74945068359375],0.7166147232055664,None,None
214,38,[295 261 897 593],[626.5143432617188 401.0069580078125 783.4046630859375 464.4947204589844],0.7331770062446594,None,None
215,38,[281 260 896 594],[610.8154296875 399.6611022949219 769.6827392578125 462.202392578125],0.7138572931289673,None,None
216,38,[279 262 890 591],[596.726806640625 400.5483703613281 753.2744750976562 461.0362548828125],0.7112377285957336,None,None
217,38,[277 262 886 587],[586.1791381835938 400.17388916015625 740.7012939453125 459.48095703125],0.7107952237129211,None,None
218,38,[279 261 883 583],[576.1514282226562 400.4440002441406 728.1743774414062 458.44110107421875],0.7203165292739868,None,None
219,38,[287 266 873 576],[567.9222412109375 400.4250183105469 715.5855712890625 453.4057312011719],0.7051562666893005,None,None
220,38,[289 268 867 572],[555.541015625 398.63525390625 700.6168823242188 451.92523193359375],0.7151840925216675,None,None
221,38,[287 269 860 571],[543.89111328125 397.5571594238281 690.3536987304688 451.92034912109375],0.7279391884803772,None,None
222,38,[283 268 855 569],[532.1802368164062 397.7059326171875 677.959716796875 449.6654052734375],0.7054898738861084,None,None
223,38,[280 268 847 567],[517.2484130859375 397.6575012207031 662.4609985351562 449.8146057128906],0.7038406729698181,None,None
224,38,[276 268 837 566],[503.7637939453125 396.91046142578125 644.0430297851562 448.776611328125],0.7036364674568176,None,None
225,38,[272 271 826 566],[490.6625671386719 395.8735046386719 632.8735961914062 448.3343811035156],0.7145269513130188,None,None
226,38,[273 278 813 566],[482.35369873046875 395.6275329589844 625.1046142578125 447.16314697265625],0.6991028189659119,None,None
227,38,[270 276 807 565],[478.0310363769531 396.42279052734375 618.3699951171875 445.909912109375],0.6983156800270081,None,None
228,38,[272 283 798 565],[473.3591613769531 396.1513366699219 611.3738403320312 446.5461120605469],0.698138415813446,None,None
229,38,[267 280 796 566],[466.50653076171875 396.3520812988281 605.9010009765625 445.0195007324219],0.7031189203262329,None,None
230,38,[264 279 790 564],[459.1952819824219 395.050537109375 599.0918579101562 446.3985595703125],0.7097413539886475,None,None
231,38,[261 281 783 564],[453.42633056640625 396.09588623046875 591.3619384765625 443.9960021972656],0.7037553191184998,None,None
232,38,[258 282 775 564],[445.9090576171875 395.341796875 584.0888061523438 444.16290283203125],0.7058921456336975,None,None
233,38,[259 284 772 563],[445.3750915527344 394.1684265136719 583.7454223632812 442.7784423828125],0.7224766612052917,None,None
234,38,[261 282 774 561],[446.93585205078125 389.9840087890625 584.6434936523438 439.4393005371094],0.7336128354072571,None,None
235,38,[260 276 777 558],[447.49859619140625 385.9428405761719 584.111328125 436.35137939453125],0.7336073517799377,None,None
236,38,[262 275 780 557],[449.608154296875 383.3927917480469 589.6181030273438 433.8789978027344],0.70013028383255,None,None
237,38,[265 269 788 555],[455.0103759765625 377.83843994140625 593.0753784179688 428.6628112792969],0.7377645969390869,None,None
238,38,[274 262 795 548],[460.19378662109375 372.5232849121094 598.9083251953125 422.846923828125],0.7189745903015137,None,None
239,38,[278 253 810 545],[466.0381164550781 368.8299865722656 606.0579223632812 415.29412841796875],0.7085832357406616,None,None
240,38,[285 247 820 541],[473.84478759765625 362.0102844238281 613.4746704101562 411.2543029785156],0.7328400015830994,None,None
241,38,[296 242 832 537],[481.20477294921875 354.9880676269531 621.2508544921875 409.4842529296875],0.731524646282196,None,None
242,38,[304 236 846 533],[486.8655700683594 352.51922607421875 629.7852783203125 403.3136291503906],0.7086552977561951,None,None
243,38,[313 232 859 531],[494.4797668457031 350.9715881347656 637.1028442382812 397.3883972167969],0.6835517287254333,None,None
244,38,[320 229 870 529],[501.4698791503906 345.051025390625 645.1776733398438 394.24810791015625],0.715698778629303,None,None
245,38,[324 225 881 527],[506.8671569824219 341.8203430175781 650.1778564453125 393.55145263671875],0.7111771702766418,None,None
246,38,[326 219 892 526],[509.6947021484375 341.08966064453125 655.5489501953125 392.45416259765625],0.7169407606124878,None,None
247,38,[330 214 903 525],[513.8878784179688 339.6600646972656 662.6979370117188 387.9179992675781],0.6991199254989624,None,None
248,38,[332 213 908 525],[520.6034545898438 336.7038879394531 667.01806640625 385.84112548828125],0.7159726023674011,None,None
249,38,[335 207 924 525],[525.0482788085938 331.6751708984375 674.0317993164062 383.4364929199219],0.7326058745384216,None,None
250,38,[336 199 939 524],[530.3973388671875 327.9471130371094 681.166015625 380.4277038574219],0.7055726647377014,None,None
251,38,[337 193 948 523],[538.3338623046875 324.5327453613281 690.3033447265625 373.8116455078125],0.6825155019760132,None,None
252,38,[343 189 961 522],[542.3472900390625 320.7457580566406 697.8618774414062 371.14508056640625],0.690083920955658,None,None
253,38,[340 182 973 522],[546.5310668945312 316.3751525878906 702.2526245117188 371.4472351074219],0.7046895027160645,None,None
254,38,[343 176 986 522],[551.2037963867188 316.1778259277344 712.7349243164062 368.4457092285156],0.676616907119751,None,None
255,38,[345 172 1000 524],[556.8917236328125 314.5393371582031 718.48046875 367.96185302734375],0.6888605952262878,None,None
256,38,[345 171 1008 527],[561.4690551757812 314.2829895019531 724.544921875 368.07452392578125],0.692040205001831,None,None
257,38,[337 166 1017 531],[561.212890625 315.672607421875 727.9837646484375 368.9266662597656],0.6689592003822327,None,None
258,38,[334 166 1023 536],[563.5320434570312 316.2604675292969 733.2596435546875 372.1095275878906],0.6899256706237793,None,None
259,38,[334 168 1031 541],[564.6903686523438 318.6846008300781 739.37255859375 373.9705810546875],0.6725485324859619,None,None
259,144,[767 0 932 155],[806.99755859375 100.0580062866211 859.9188842773438 127.61181640625],0.3736134469509125,None,None
260,38,[336 167 1040 543],[568.09619140625 319.2589416503906 747.9278564453125 377.869873046875],0.6980592012405396,None,None
260,144,[758 0 933 159],[802.5786743164062 102.64613342285156 856.295166015625 126.09368133544922],0.2545360028743744,None,None
261,38,[333 164 1063 554],[573.7626342773438 321.7803039550781 754.0546264648438 379.904052734375],0.7106755375862122,None,None
262,38,[330 166 1072 561],[577.283203125 322.3352966308594 762.3865356445312 385.0299987792969],0.7334043383598328,None,None
262,144,[739 0 930 164],[785.6422119140625 104.37669372558594 846.6207885742188 133.05787658691406],0.5980083346366882,None,None
263,38,[329 168 1078 566],[580.00390625 322.6057434082031 766.9683227539062 386.9388427734375],0.7202813029289246,None,None
263,144,[730 0 928 165],[777.3656616210938 107.23737335205078 840.5761108398438 134.41873168945312],0.5429639220237732,None,None
264,38,[326 167 1083 569],[582.5807495117188 324.72998046875 772.1635131835938 388.0147399902344],0.6987979412078857,None,None
264,144,[719 0 926 168],[761.7771606445312 107.8423843383789 834.2718505859375 140.26577758789062],0.4916604161262512,None,None
265,38,[326 166 1090 570],[587.5210571289062 323.0356140136719 776.4619750976562 386.54443359375],0.7061744332313538,None,None
265,144,[704 0 918 170],[752.6578979492188 113.7325668334961 823.4781494140625 141.60964965820312],0.37453746795654297,None,None
266,38,[326 165 1093 570],[589.3140869140625 322.5494384765625 777.955810546875 386.7420959472656],0.7061695456504822,None,None
266,144,[688 0 908 170],[739.5057373046875 113.78340148925781 807.4324340820312 145.43443298339844],0.40563926100730896,None,None
267,38,[327 166 1089 568],[591.1466064453125 322.7683410644531 778.204833984375 385.7311706542969],0.7109038233757019,None,None
267,144,[673 0 899 170],[724.552978515625 118.66944122314453 795.5665283203125 150.6173858642578],0.4262750446796417,None,None
268,38,[330 168 1086 567],[593.6414794921875 323.37451171875 778.3477783203125 385.7575988769531],0.7121604681015015,None,None
269,38,[334 172 1080 565],[593.93505859375 326.5777587890625 777.5119018554688 386.0218505859375],0.6808421611785889,None,None
270,38,[338 178 1072 566],[594.4508666992188 329.1767883300781 772.5440673828125 387.6689758300781],0.6746730804443359,None,None
271,38,[350 191 1057 564],[595.8607788085938 330.9118957519531 771.0047607421875 387.1751708984375],0.6917300820350647,None,None
272,38,[352 195 1048 561],[595.6776123046875 330.118896484375 767.2557983398438 388.209716796875],0.7021968960762024,None,None
273,38,[355 197 1040 557],[596.7744140625 328.3061218261719 762.2725219726562 386.00836181640625],0.685852587223053,None,None
274,38,[360 196 1034 550],[593.8834228515625 325.80316162109375 760.37060546875 380.4462890625],0.70320063829422,None,None
275,38,[364 192 1021 538],[592.2557373046875 318.8720703125 755.414794921875 370.8612976074219],0.6647823452949524,None,None
276,38,[360 183 1016 529],[590.0830078125 308.73382568359375 751.9649047851562 362.8627014160156],0.7072902917861938,None,None
277,38,[362 176 1004 516],[588.9201049804688 298.6979675292969 748.970703125 350.9183044433594],0.7016826272010803,None,None
278,38,[365 174 991 505],[585.0081787109375 291.9534606933594 741.082275390625 342.9053955078125],0.6693023443222046,None,None
279,38,[363 170 985 499],[584.5152587890625 288.23284912109375 736.3588256835938 341.4253845214844],0.6903486847877502,None,None
280,38,[364 170 975 494],[579.3023071289062 287.7465515136719 732.6434326171875 340.26617431640625],0.6934958100318909,None,None
281,38,[369 177 959 489],[572.8832397460938 286.0213317871094 724.4031372070312 337.28826904296875],0.6815924048423767,None,None
282,38,[368 172 949 479],[569.24609375 277.31219482421875 720.4769287109375 330.1719970703125],0.7094520330429077,None,None
283,38,[367 165 934 464],[566.4541015625 266.7325744628906 711.382080078125 316.3692626953125],0.6997460126876831,None,None
284,38,[367 157 920 449],[563.4990844726562 255.2376251220703 701.598388671875 304.17962646484375],0.7128519415855408,None,None
286,252,[182 68 1114 716],[799.1988525390625 429.087158203125 1108.0711669921875 532.9086303710938],0.7206653952598572,None,None
287,252,[191 68 1114 713],[759.8409423828125 411.53765869140625 1059.075439453125 507.2418518066406],0.7384793162345886,None,None
288,254,[211 72 1114 708],[721.2132568359375 396.3362731933594 1010.73046875 497.5409240722656],0.7306263446807861,None,None
289,254,[226 77 1114 699],[687.3255004882812 387.7397155761719 967.3285522460938 474.3741760253906],0.7450913786888123,None,None
290,254,[238 83 1114 696],[659.6607666015625 378.19140625 930.8502197265625 464.4410705566406],0.7408369779586792,None,None
291,254,[246 91 1111 694],[633.9048461914062 375.2832336425781 891.5670776367188 448.6285095214844],0.7493181824684143,None,None
292,254,[235 98 1088 695],[618.1279907226562 373.2275390625 860.7905883789062 442.9486999511719],0.7563865780830383,None,None
293,254,[237 106 1077 696],[595.4600219726562 363.43695068359375 836.922119140625 438.2274169921875],0.7472324371337891,None,None
294,254,[233 113 1064 701],[579.3363647460938 363.526611328125 809.0350341796875 431.594482421875],0.7363259792327881,None,None
295,254,[239 118 1037 687],[560.3679809570312 358.1963195800781 786.5143432617188 428.1971435546875],0.7457180619239807,None,None
296,254,[239 121 1011 675],[546.234375 354.9241638183594 761.8599853515625 417.5975341796875],0.7198278903961182,None,None
297,254,[244 123 993 666],[533.0398559570312 346.255615234375 744.2714233398438 409.3772888183594],0.7299355864524841,None,None
298,254,[244 123 970 654],[521.2767333984375 341.69732666015625 726.08447265625 399.0283203125],0.7209085822105408,None,None
299,254,[249 121 947 636],[515.5628662109375 333.82720947265625 710.5538330078125 390.1880798339844],0.7172497510910034,None,None
300,254,[253 118 926 618],[507.46820068359375 323.9354248046875 695.8772583007812 381.2157287597656],0.6925190687179565,None,None
302,254,[255 109 895 590],[487.88653564453125 300.4443664550781 671.814453125 351.309326171875],0.657487690448761,None,None
303,254,[259 102 877 569],[483.4940185546875 289.0260314941406 663.83837890625 342.48406982421875],0.6709895730018616,None,None
304,254,[262 96 861 552],[479.1776428222656 279.50341796875 654.066162109375 332.44140625],0.694606602191925,None,None
305,254,[266 90 848 536],[480.4694519042969 268.3672790527344 646.2763061523438 320.87213134765625],0.6901021003723145,None,None
306,254,[272 84 838 520],[473.9568176269531 257.57049560546875 637.6275024414062 309.96319580078125],0.6935280561447144,None,None
307,254,[278 78 828 505],[477.5063171386719 248.38755798339844 635.189453125 299.808349609375],0.6894317269325256,None,None
308,254,[287 75 820 490],[479.47552490234375 240.4993133544922 631.8836059570312 292.84808349609375],0.6952139735221863,None,None
309,254,[295 72 815 478],[476.4159851074219 232.28318786621094 630.2059326171875 283.2559509277344],0.7051942944526672,None,None
310,254,[304 69 812 468],[476.1363830566406 227.91802978515625 627.802978515625 277.9769287109375],0.6938799619674683,None,None
311,254,[313 67 806 456],[479.0361633300781 225.3090057373047 626.6637573242188 272.3037414550781],0.6886544823646545,None,None
312,254,[322 67 801 446],[480.2558898925781 217.9350128173828 626.3372802734375 268.444580078125],0.6757592558860779,None,None
313,254,[329 67 798 439],[482.208251953125 215.28369140625 624.16015625 264.11297607421875],0.6901513934135437,None,None
314,254,[339 69 798 433],[486.5990295410156 212.7483367919922 625.2113647460938 260.8424377441406],0.6772117018699646,None,None
315,254,[347 70 795 426],[490.32080078125 211.7561492919922 624.6701049804688 255.012451171875],0.6962730884552002,None,None
316,254,[353 70 792 420],[493.2042541503906 210.26699829101562 623.6264038085938 252.018310546875],0.7074835300445557,None,None
317,254,[359 71 789 413],[494.6669616699219 206.82965087890625 625.5565795898438 250.06687927246094],0.6688835620880127,None,None
318,254,[367 71 788 406],[498.2988586425781 203.42359924316406 622.5990600585938 246.09307861328125],0.6723663806915283,None,None
319,254,[373 72 784 399],[504.93109130859375 201.06332397460938 620.7459716796875 240.57861328125],0.6566599011421204,None,None
320,254,[377 71 782 393],[1088.7010498046875 0.0 1113.77392578125 58.5379638671875],0.3334677815437317,None,None
321,254,[379 70 778 387],[1084.6427001953125 0.0 1113.8646240234375 56.777931213378906],0.40196025371551514,None,None
322,254,[382 70 770 380],[501.7361145019531 191.42388916015625 617.9581298828125 228.38121032714844],0.6230522990226746,None,None
323,38,[60 104 942 693],[472.2934875488281 425.84722900390625 703.4649047851562 503.4974670410156],0.7373358011245728,None,None
324,317,[114 102 903 706],[464.0993347167969 429.0916748046875 689.3993530273438 503.24322509765625],0.744452714920044,None,None
325,317,[123 115 890 703],[458.4051818847656 429.62921142578125 681.0556030273438 500.9405517578125],0.7624614238739014,None,None
326,317,[137 125 889 701],[449.65399169921875 429.7916564941406 672.7530517578125 496.87274169921875],0.7381980419158936,None,None
327,317,[144 128 889 700],[436.4344177246094 421.1938781738281 667.4697875976562 500.50128173828125],0.7641170620918274,None,None
328,317,[144 128 886 698],[437.0030822753906 419.79840087890625 659.3295288085938 494.4798583984375],0.7603580951690674,None,None
329,317,[145 131 882 699],[434.822509765625 416.72589111328125 651.1264038085938 489.12921142578125],0.7546676993370056,None,None
330,319,[169 44 404 297],[424.3290710449219 417.7982177734375 644.7371826171875 487.0513916015625],0.7349321842193604,None,None
331,38,[130 136 891 700],[426.1883850097656 417.23236083984375 640.4846801757812 485.4078063964844],0.7378894686698914,None,None
332,320,[157 136 864 690],[429.3076171875 418.11553955078125 634.6807861328125 483.33099365234375],0.7463443875312805,None,None
333,320,[165 139 864 688],[430.25628662109375 417.1646728515625 635.0541381835938 480.35040283203125],0.7529414892196655,None,None
334,320,[169 140 866 688],[431.3792419433594 411.44384765625 635.6965942382812 477.3307189941406],0.7424967288970947,None,None
335,320,[178 140 864 679],[432.8236083984375 412.00653076171875 636.50830078125 476.6600646972656],0.7369586825370789,None,None
336,320,[180 140 869 682],[437.1732177734375 411.6841735839844 635.872802734375 476.09991455078125],0.7375139594078064,None,None
337,38,[165 142 882 688],[441.1231994628906 410.2747802734375 636.5350952148438 474.7625732421875],0.7243832945823669,None,None
338,38,[175 140 884 683],[445.66571044921875 410.6965637207031 639.1732788085938 471.7890625],0.7010062336921692,None,None
338,319,[113 16 428 349],[196.3434295654297 283.2778625488281 261.6539001464844 310.4860534667969],0.25179922580718994,None,None
339,38,[183 137 890 681],[447.694091796875 408.3365478515625 642.6555786132812 470.20355224609375],0.7050265669822693,None,None
339,319,[100 11 427 358],[185.9188690185547 287.6198425292969 261.7303771972656 316.92425537109375],0.2558475136756897,None,None
340,38,[192 137 896 680],[449.0573425292969 406.38525390625 644.0800170898438 468.1741638183594],0.7404098510742188,None,None
340,319,[85 6 425 366],[175.38735961914062 292.341552734375 250.4297637939453 323.65399169921875],0.524998664855957,None,None
341,319,[69 1 423 374],[161.8650360107422 295.6845397949219 243.6042022705078 330.8855895996094],0.6796503663063049,None,None
342,38,[204 134 906 678],[455.1184997558594 403.6273498535156 649.9979858398438 460.87335205078125],0.7078822255134583,None,None
342,319,[52 0 418 384],[147.12179565429688 300.9140930175781 233.0736083984375 338.87957763671875],0.6962124109268188,None,None
343,337,[208 131 905 669],[458.4736633300781 399.5033874511719 651.4979858398438 462.0711364746094],0.7116914391517639,None,None
343,319,[34 0 411 393],[132.39527893066406 307.2414855957031 220.6614532470703 345.91949462890625],0.7006097435951233,None,None
344,319,[16 0 403 402],[113.05120086669922 313.75067138671875 207.43373107910156 354.24908447265625],0.708355188369751,None,None
345,38,[219 129 915 671],[462.8663330078125 403.824951171875 654.3958740234375 454.8958740234375],0.6763629913330078,None,None
345,319,[3 0 398 410],[94.71916961669922 319.0139465332031 191.90345764160156 361.60107421875],0.6737845540046692,None,None
346,38,[218 128 916 672],[463.8363037109375 396.60498046875 659.2810668945312 460.1793212890625],0.7237745523452759,None,None
346,319,[0 0 395 416],[72.11747741699219 324.78009033203125 172.91067504882812 368.89453125],0.6840106844902039,None,None
347,38,[215 126 911 671],[463.114501953125 395.639892578125 660.3941040039062 457.3099060058594],0.7228750586509705,None,None
347,319,[0 0 388 416],[45.93692398071289 330.65032958984375 152.9650421142578 379.77294921875],0.6384850144386292,None,None
348,38,[214 124 910 671],[461.9043884277344 396.2154541015625 660.4473876953125 455.2293701171875],0.6967087984085083,None,None
348,319,[0 0 381 416],[18.350040435791016 340.7925109863281 131.5014190673828 391.85986328125],0.600263774394989,None,None
349,38,[216 122 917 672],[456.2630310058594 395.9519348144531 658.4549560546875 453.4999694824219],0.7054080963134766,None,None
349,319,[0 0 377 426],[0.0 346.5709228515625 105.44097137451172 398.8440856933594],0.6403318047523499,None,None
350,38,[212 122 918 676],[457.23553466796875 396.9407043457031 656.3070678710938 453.2106628417969],0.6971553564071655,None,None
350,319,[0 0 373 434],[0.0 356.0306396484375 78.9310073852539 408.0289306640625],0.28997620940208435,None,None
351,348,[392 172 552 297],[456.5857849121094 396.4204406738281 654.632568359375 453.46435546875],0.7036719918251038,None,None
352,38,[207 119 920 680],[455.28668212890625 396.1688232421875 653.7980346679688 455.0187072753906],0.7154392600059509,None,None
352,319,[0 0 369 475],[0.0 372.22705078125 19.615230560302734 430.0771484375],0.3326944410800934,None,None
353,38,[209 119 919 677],[455.8070983886719 396.6476745605469 652.8817749023438 454.5814208984375],0.7135519981384277,None,None
354,38,[209 119 924 681],[455.1754455566406 396.7314147949219 653.7872924804688 453.7159423828125],0.7093372344970703,None,None
355,38,[211 118 929 682],[454.77886962890625 394.2405700683594 655.5305786132812 453.0284118652344],0.7250944972038269,None,None
356,38,[211 118 934 686],[454.97412109375 395.2535705566406 658.8355712890625 452.962646484375],0.7191896438598633,None,None
357,38,[211 118 941 692],[457.3765869140625 394.5320739746094 661.5247802734375 455.327392578125],0.7114019989967346,None,None
358,38,[215 118 948 694],[463.5068359375 394.6763610839844 667.62255859375 460.4617614746094],0.7432201504707336,None,None
359,38,[214 120 951 699],[468.76568603515625 396.4423828125 668.7506103515625 461.34429931640625],0.716078519821167,None,None
360,38,[212 120 954 704],[468.9947509765625 397.6623840332031 675.222900390625 460.7256164550781],0.7261222004890442,None,None
361,38,[217 120 965 708],[470.1449890136719 401.6170959472656 679.4797973632812 462.87689208984375],0.7205976843833923,None,None
362,38,[222 119 976 710],[475.4464111328125 403.0934753417969 684.2084350585938 463.50286865234375],0.7280260920524597,None,None
363,38,[226 117 982 709],[485.468017578125 406.0599670410156 690.3265380859375 469.6256103515625],0.7499132752418518,None,None
364,38,[231 116 980 700],[486.14410400390625 407.05615234375 696.0352783203125 472.36456298828125],0.7376641631126404,None,None
365,38,[226 115 989 709],[489.9806213378906 408.5928039550781 702.02880859375 470.2000427246094],0.7277228832244873,None,None
366,38,[229 113 993 706],[495.0251770019531 411.1783142089844 707.1339111328125 476.9455261230469],0.7417693734169006,None,None
367,38,[230 114 997 707],[494.8376770019531 414.0804443359375 712.7492065429688 480.10870361328125],0.7441481351852417,None,None
368,38,[237 111 1009 706],[495.5547790527344 415.3880920410156 717.4681396484375 486.2061462402344],0.7549654245376587,None,None
369,38,[234 111 1007 704],[496.38946533203125 419.4039001464844 718.7042846679688 487.79486083984375],0.7335406541824341,None,None
370,38,[228 105 1009 704],[494.9649353027344 418.1738586425781 722.242919921875 493.997314453125],0.7807565331459045,None,None
371,38,[227 100 1018 704],[496.9193420410156 426.5677490234375 726.906005859375 497.561767578125],0.7497326135635376,None,None
372,38,[222 93 1030 709],[494.3077392578125 424.8045959472656 729.7291870117188 497.96832275390625],0.7606305480003357,None,None
373,348,[422 164 604 312],[492.15460205078125 420.89691162109375 732.1555786132812 495.74835205078125],0.7466402649879456,None,None
374,38,[209 69 1052 709],[493.0064392089844 416.13824462890625 731.8864135742188 489.9872131347656],0.7356549501419067,None,None
375,378,[197 61 1064 709],[490.74639892578125 409.77496337890625 735.106201171875 487.9388122558594],0.768226683139801,None,None
376,348,[406 140 600 293],[493.02215576171875 405.6993713378906 735.3883666992188 480.5827941894531],0.7241034507751465,None,None
377,38,[199 59 1049 700],[491.8519287109375 400.73040771484375 736.4426879882812 478.43890380859375],0.763471782207489,None,None
377,368,[0 95 329 440],[1.6149438619613647 337.4117736816406 145.31820678710938 391.05731201171875],0.3042902946472168,None,None
378,38,[194 52 1052 697],[494.22052001953125 400.9884033203125 737.8372802734375 474.8178405761719],0.7527281045913696,None,None
378,368,[0 92 332 451],[0.0 344.3975830078125 116.6251449584961 396.65576171875],0.2546935975551605,None,None
379,38,[189 46 1055 696],[493.9201965332031 396.87579345703125 740.5250244140625 475.0377502441406],0.7500590682029724,None,None
379,368,[0 89 336 463],[0.0 350.4529724121094 88.60964965820312 402.5602722167969],0.28219881653785706,None,None
380,38,[176 37 1059 698],[496.0627136230469 391.3406066894531 745.369873046875 473.866943359375],0.7632354497909546,None,None
380,368,[0 87 338 475],[0.0 353.7579345703125 58.63425064086914 410.7796630859375],0.3796093761920929,None,None
381,38,[172 32 1072 704],[498.2347717285156 394.03070068359375 747.3362426757812 470.84027099609375],0.7514392137527466,None,None
381,368,[0 85 341 488],[0.028392458334565163 362.19024658203125 28.806516647338867 423.46142578125],0.34390702843666077,None,None
382,38,[172 23 1088 704],[501.2423095703125 391.5671691894531 749.1676025390625 467.93994140625],0.7417944073677063,None,None
383,38,[173 23 1089 703],[495.5405578613281 383.84637451171875 756.3958740234375 468.0987243652344],0.7335218191146851,None,None
384,38,[173 22 1084 697],[503.31695556640625 382.2355651855469 760.74609375 461.9388732910156],0.7415245771408081,None,None
385,38,[174 19 1085 693],[509.1083679199219 377.98590087890625 764.3384399414062 456.3495178222656],0.7174623012542725,None,None
386,38,[177 14 1093 693],[510.2356872558594 373.3007507324219 766.4918212890625 452.6982727050781],0.7538122534751892,None,None
387,38,[175 12 1093 692],[512.8460083007812 367.0932312011719 768.47265625 449.1798400878906],0.7775064706802368,None,None
388,38,[180 11 1098 690],[513.441162109375 364.61834716796875 769.9893188476562 448.7476501464844],0.776431679725647,None,None
389,38,[180 11 1098 690],[516.1485595703125 365.8010559082031 770.8759765625 448.2120666503906],0.7683348059654236,None,None
390,38,[179 10 1095 688],[513.6845092773438 363.7491455078125 769.6829223632812 448.65289306640625],0.7765070796012878,None,None
391,38,[169 11 1097 700],[512.45068359375 364.4627990722656 768.4647827148438 445.4306945800781],0.7551498413085938,None,None
393,38,[163 8 1094 700],[509.1445007324219 359.6334228515625 759.9328002929688 438.3621826171875],0.7239587903022766,None,None
394,389,[169 13 1067 702],[507.49493408203125 356.90252685546875 748.5304565429688 433.95062255859375],0.7517977356910706,None,None
396,38,[157 17 1074 707],[500.2320861816406 357.2839660644531 736.3074340820312 430.8948669433594],0.7536576986312866,None,None
397,38,[154 24 1059 710],[494.8541564941406 356.1512145996094 727.0679931640625 429.3464050292969],0.7511441111564636,None,None
397,387,[80 55 270 178],[187.92889404296875 165.9784393310547 264.19842529296875 222.8000030517578],0.26446300745010376,None,None
398,38,[152 32 1043 712],[490.448974609375 356.2907409667969 717.96826171875 427.31268310546875],0.7424386739730835,None,None
399,38,[155 38 1028 708],[485.4118957519531 355.87982177734375 707.6820068359375 426.302490234375],0.7517387866973877,None,None
400,38,[160 43 1018 702],[479.6099548339844 355.05029296875 700.1109619140625 424.6010437011719],0.729637622833252,None,None
401,38,[157 32 1015 696],[472.6621398925781 353.6040344238281 690.3915405273438 414.9882507324219],0.709488034248352,None,None
402,38,[149 18 1001 683],[466.62200927734375 330.1812744140625 680.00537109375 406.6077880859375],0.7463106513023376,None,None
403,38,[162 9 969 640],[463.262451171875 317.00927734375 670.1229248046875 384.5660095214844],0.7391815185546875,None,None
404,38,[150 4 963 643],[452.32293701171875 310.2680969238281 661.22021484375 375.52667236328125],0.7217806577682495,None,None
405,38,[145 6 946 636],[445.9894714355469 309.4342041015625 649.7078247070312 375.1265869140625],0.7205693125724792,None,None
406,38,[144 10 928 630],[438.1380920410156 308.3408203125 637.9612426757812 372.0809020996094],0.7244290709495544,None,None
407,38,[139 13 910 624],[432.6086120605469 309.0787353515625 628.4503784179688 366.35382080078125],0.7235574126243591,None,None
408,38,[138 14 903 622],[432.666748046875 309.0173645019531 628.4127807617188 366.281982421875],0.7236616611480713,None,None
409,38,[136 18 891 618],[428.39154052734375 308.0541076660156 621.1063232421875 365.1675720214844],0.7221720814704895,None,None
410,38,[135 13 886 613],[420.54644775390625 306.0068359375 609.5100708007812 364.4903259277344],0.7124614715576172,None,None
411,38,[131 18 866 607],[408.6107482910156 301.98663330078125 598.979736328125 362.9751281738281],0.7056180834770203,None,None
412,38,[127 24 847 603],[405.15301513671875 305.4913635253906 585.53759765625 360.28558349609375],0.767997145652771,None,None
413,38,[119 23 835 599],[396.61016845703125 303.23187255859375 576.66650390625 360.79803466796875],0.6874163746833801,None,None
414,38,[122 32 820 595],[392.1497802734375 301.5225830078125 572.7637329101562 358.74462890625],0.6881718039512634,None,None
415,38,[131 39 813 589],[392.25469970703125 299.0124206542969 571.1080322265625 358.43536376953125],0.6952372789382935,None,None
416,38,[140 44 809 583],[400.08251953125 299.1734313964844 574.2836303710938 356.964111328125],0.7083204388618469,None,None
417,38,[153 46 814 579],[413.63555908203125 301.0964050292969 581.7845458984375 355.76898193359375],0.6893501281738281,None,None
418,38,[166 48 819 575],[423.2600402832031 301.0517883300781 591.3020629882812 356.5530090332031],0.6887704133987427,None,None
419,38,[291 126 794 525],[510.01434326171875 396.24322509765625 655.052490234375 452.67095947265625],0.7311214208602905,None,None
420,38,[329 153 789 513],[502.03692626953125 399.6509704589844 649.3690795898438 454.490478515625],0.7287368774414062,None,None
421,38,[334 156 799 516],[487.62945556640625 402.2649841308594 642.5578002929688 462.6063232421875],0.7630136609077454,None,None
422,38,[332 152 815 524],[479.0009460449219 406.34405517578125 639.5337524414062 469.3380126953125],0.7731766700744629,None,None
423,38,[322 145 830 533],[465.9776611328125 414.2804260253906 631.8883056640625 472.3297119140625],0.7360742092132568,None,None
424,38,[309 136 844 544],[450.33343505859375 418.51495361328125 624.7899780273438 480.79901123046875],0.7400795221328735,None,None
425,38,[294 127 863 559],[430.1644287109375 423.7519836425781 614.6589965820312 488.6973571777344],0.7231083512306213,None,None
426,38,[274 118 876 572],[406.1065673828125 427.8720703125 598.649658203125 501.4217529296875],0.7622810006141663,LG05HZI,0.22977499541311194
427,38,[248 108 887 586],[383.0204772949219 432.7809143066406 580.9734497070312 507.6924133300781],0.7454212307929993,None,None
428,38,[231 97 906 601],[353.7633972167969 436.3058776855469 561.3619995117188 517.5055541992188],0.7627954483032227,None,None
429,38,[211 84 927 617],[324.3464050292969 438.6960144042969 539.8992919921875 528.632080078125],0.7778675556182861,None,None
430,38,[191 69 957 636],[289.16387939453125 444.7165222167969 513.9597778320312 540.7445068359375],0.740420401096344,None,None
431,38,[173 54 989 654],[257.2544860839844 441.68170166015625 488.3987121582031 558.3983154296875],0.7235448360443115,None,None
432,38,[155 38 1032 677],[220.02682495117188 438.3106994628906 458.6205749511719 575.2222900390625],0.7324314713478088,None,None
433,38,[134 25 1058 692],[179.55406188964844 436.2220764160156 418.0893859863281 585.8452758789062],0.6953742504119873,None,None
434,38,[101 8 1073 702],[136.7911834716797 427.5517272949219 380.72357177734375 594.0234375],0.6230005621910095,None,None
474,38,[83 181 1041 719],[701.121826171875 478.9830627441406 939.3551025390625 591.2781372070312],0.2881421744823456,None,None
475,38,[78 185 1025 719],[658.6205444335938 478.9857177734375 895.8358764648438 588.2681274414062],0.4534773826599121,None,None
476,38,[68 188 1005 720],[615.7809448242188 485.28082275390625 853.4443359375 581.431884765625],0.6596317291259766,None,None
477,38,[69 190 995 720],[588.0419311523438 486.9349670410156 820.7391967773438 578.6324462890625],0.6748248934745789,None,None
478,38,[77 197 975 717],[557.9569091796875 484.03070068359375 793.472900390625 581.1939697265625],0.7095138430595398,None,None
479,38,[92 207 961 716],[540.1334228515625 486.0545654296875 768.4568481445312 580.5580444335938],0.7350497841835022,None,None
480,38,[122 215 957 711],[524.0670776367188 494.1967468261719 745.8421020507812 578.6232299804688],0.7370220422744751,None,None
481,38,[129 225 939 713],[513.7801513671875 499.0647888183594 726.098876953125 576.8509521484375],0.7209063768386841,None,None
482,38,[133 234 918 713],[498.9322509765625 503.7439270019531 705.1995239257812 575.5697631835938],0.708256721496582,None,None
483,38,[145 243 898 708],[485.180908203125 509.47320556640625 686.7158203125 574.8231201171875],0.6778843998908997,None,None
484,38,[157 252 885 708],[475.2928161621094 513.7672729492188 670.97802734375 573.1153564453125],0.6737863421440125,None,None
485,38,[170 260 874 709],[468.0421447753906 516.8143920898438 657.0633544921875 574.2349243164062],0.6848528385162354,None,None
486,38,[174 269 860 711],[454.7176208496094 516.484130859375 640.4197998046875 576.3634033203125],0.7221795916557312,None,None
487,38,[177 277 843 710],[439.7388916015625 516.3408203125 625.1317138671875 578.7830200195312],0.7475406527519226,None,None
488,38,[179 283 829 710],[427.9346008300781 518.7755737304688 612.1774291992188 580.4500732421875],0.7272392511367798,None,None
489,38,[181 289 821 713],[426.02117919921875 521.4974975585938 601.1065063476562 581.052490234375],0.706409215927124,None,None
490,38,[185 294 814 714],[421.8507995605469 524.0341186523438 595.71826171875 582.31591796875],0.7073752880096436,None,None
491,38,[191 298 810 715],[423.67041015625 529.3310546875 591.7015991210938 580.622314453125],0.6907021403312683,None,None
492,38,[198 301 809 716],[423.41021728515625 529.8038330078125 589.6903686523438 579.8255615234375],0.6986778974533081,None,None
493,38,[204 303 808 716],[423.7911376953125 524.931640625 590.346435546875 578.2706298828125],0.6858114004135132,None,None
494,38,[210 303 804 712],[423.4593505859375 519.9011840820312 588.3368530273438 573.4600219726562],0.7140875458717346,None,None
495,38,[214 299 796 703],[421.4574279785156 513.0811767578125 582.4884033203125 562.0834350585938],0.6926512718200684,None,None
496,38,[217 292 791 692],[414.3212890625 503.145263671875 578.5032348632812 554.2937622070312],0.6776977181434631,None,None
497,38,[220 285 787 681],[415.37359619140625 491.0551452636719 576.2833251953125 542.964111328125],0.6923651695251465,None,None
498,38,[219 276 780 670],[412.4906921386719 484.08477783203125 569.6649780273438 531.7765502929688],0.668298065662384,None,None
499,38,[220 267 776 658],[409.5946044921875 468.05218505859375 568.5601806640625 524.66552734375],0.7254008054733276,None,None
500,38,[221 258 774 648],[411.81805419921875 462.9115905761719 566.9185180664062 512.8816528320312],0.7154431939125061,None,None
501,38,[224 249 777 640],[418.5343017578125 456.5502014160156 569.3570556640625 504.44097900390625],0.6991086006164551,None,None
502,38,[227 243 776 634],[414.10675048828125 449.7135925292969 568.2763671875 499.5320739746094],0.7223616242408752,None,None
503,38,[228 237 775 628],[415.9510498046875 440.3780822753906 570.0156860351562 495.9616394042969],0.718241810798645,None,None
504,38,[234 233 777 622],[418.5937194824219 439.3370666503906 570.093994140625 487.80792236328125],0.6908579468727112,None,None
505,38,[238 230 778 618],[420.6559143066406 435.7793273925781 572.7883911132812 485.2690124511719],0.6998801827430725,None,None
506,38,[240 227 779 615],[423.9137878417969 433.7406005859375 575.1673583984375 480.11151123046875],0.6810187697410583,None,None
507,38,[240 226 777 613],[418.01995849609375 430.49566650390625 572.7606201171875 480.4370422363281],0.6908121705055237,None,None
508,38,[238 225 774 611],[416.9186096191406 430.8254089355469 569.0530395507812 475.998779296875],0.6687045693397522,None,None
509,38,[234 221 774 611],[416.6581726074219 427.42889404296875 566.8683471679688 473.2027282714844],0.6749081611633301,None,None
510,38,[233 218 773 608],[417.3198547363281 423.077392578125 567.4015502929688 470.3768310546875],0.7039633989334106,None,None
511,38,[231 213 774 605],[418.1326599121094 415.41815185546875 569.691650390625 466.61297607421875],0.70049649477005,None,None
512,38,[231 208 774 601],[417.76544189453125 412.0762939453125 567.4825439453125 459.4575500488281],0.67979896068573,None,None
513,38,[230 203 776 598],[418.08453369140625 407.0862731933594 566.61572265625 456.1104736328125],0.7098006010055542,None,None
514,38,[229 196 776 593],[417.82427978515625 404.5373840332031 569.441162109375 451.9525146484375],0.6808448433876038,None,None
515,38,[228 190 779 590],[424.1365661621094 400.24298095703125 572.2594604492188 447.0307922363281],0.6945447325706482,None,None
516,38,[231 186 784 588],[423.1543884277344 394.6285095214844 575.1145629882812 444.20623779296875],0.7131994962692261,None,None
517,38,[232 181 789 585],[423.4891357421875 391.1648254394531 579.6671142578125 440.8187561035156],0.6929094791412354,None,None
518,38,[235 176 794 584],[426.0894775390625 384.1383361816406 579.345947265625 434.9049987792969],0.709119439125061,None,None
519,38,[234 171 798 581],[424.5875549316406 379.0284729003906 579.8681030273438 428.84930419921875],0.7023104429244995,None,None
520,38,[231 164 800 578],[422.3781433105469 378.2765197753906 579.446533203125 425.6332092285156],0.6533188819885254,None,None
521,38,[229 158 800 574],[423.7459411621094 372.75616455078125 576.48681640625 419.90069580078125],0.6838890314102173,None,None
522,38,[222 150 801 572],[421.1459655761719 367.90936279296875 574.7352905273438 415.912109375],0.6919212341308594,None,None
523,38,[216 145 804 572],[416.7706298828125 363.7738342285156 573.3894653320312 414.26190185546875],0.6941094398498535,None,None
524,38,[211 140 804 572],[411.5408020019531 357.5828552246094 572.0701293945312 412.2713317871094],0.7157124280929565,None,None
525,38,[205 133 806 571],[405.64385986328125 356.08673095703125 568.8118286132812 409.1798400878906],0.7174262404441833,None,None
526,38,[198 128 806 571],[402.55560302734375 354.925048828125 564.8370361328125 404.71343994140625],0.6762716770172119,None,None
527,38,[186 123 803 571],[393.9671936035156 352.5742492675781 561.8622436523438 405.16973876953125],0.6952637434005737,None,None
528,38,[176 118 802 572],[388.1403503417969 350.4835205078125 557.4619140625 404.5706481933594],0.7087293267250061,None,None
529,38,[165 114 802 575],[379.7879943847656 349.3062744140625 552.644287109375 404.54327392578125],0.700131893157959,None,None
530,38,[159 111 804 577],[374.329833984375 349.8286437988281 548.075927734375 403.1730041503906],0.6985224485397339,None,None
531,38,[149 108 802 579],[367.8035888671875 348.8721923828125 543.5328979492188 401.28143310546875],0.6929673552513123,None,None
532,38,[137 103 803 583],[367.24224853515625 347.671142578125 540.9346923828125 399.31195068359375],0.7059364914894104,None,None
533,38,[130 99 804 583],[356.7366638183594 345.142822265625 538.9725952148438 400.5703125],0.697921872138977,None,None
534,38,[130 97 807 584],[354.98736572265625 343.7366943359375 537.5492553710938 402.027587890625],0.6992368698120117,None,None
535,38,[132 99 808 585],[356.933837890625 346.4324645996094 539.2460327148438 400.0525817871094],0.6963891983032227,None,None
536,38,[137 103 808 585],[361.51837158203125 347.9247131347656 539.93701171875 401.7607421875],0.6715033650398254,None,None
537,38,[144 109 807 583],[366.4541015625 349.96197509765625 542.3030395507812 402.465087890625],0.6872473955154419,None,None
538,38,[154 115 806 582],[372.26226806640625 352.52825927734375 544.563720703125 406.0467224121094],0.7188515663146973,None,None
539,38,[166 123 804 579],[378.3748474121094 354.85186767578125 550.2118530273438 409.5243225097656],0.7086077332496643,None,None
540,38,[178 131 804 577],[390.338134765625 357.6442565917969 554.3471069335938 411.91778564453125],0.7260482311248779,None,None
541,38,[190 138 805 575],[395.1429443359375 357.3468933105469 560.2543334960938 412.4130554199219],0.7127892971038818,None,None
542,38,[204 143 808 573],[402.18121337890625 361.3381042480469 563.4837036132812 410.9176330566406],0.7224709391593933,None,None
543,38,[218 149 811 570],[411.0918884277344 358.5977478027344 570.2352905273438 412.21759033203125],0.7137283682823181,None,None
544,38,[228 153 814 569],[421.8554992675781 359.9040832519531 576.2678833007812 411.8743896484375],0.7213930487632751,None,None
545,38,[241 159 818 568],[430.3597412109375 358.2378234863281 584.7110595703125 411.6854248046875],0.7153155207633972,None,None
546,38,[256 164 824 567],[442.5989074707031 363.28717041015625 593.9361572265625 411.4248352050781],0.7070284485816956,None,None
547,38,[269 169 830 566],[451.04486083984375 364.8589782714844 600.970458984375 412.70733642578125],0.7028639316558838,None,None
548,38,[281 172 837 566],[461.11322021484375 368.4862976074219 607.7146606445312 414.97406005859375],0.7030413150787354,None,None
549,38,[291 177 843 568],[471.8515319824219 371.71783447265625 616.620849609375 417.24444580078125],0.6953831315040588,None,None
550,38,[301 180 850 569],[480.2235107421875 374.40826416015625 624.4329833984375 421.1163330078125],0.7004749774932861,None,None
551,38,[311 184 855 570],[486.2057189941406 376.04052734375 631.7771606445312 423.0449523925781],0.7126173377037048,None,None
552,38,[320 188 859 570],[495.7000732421875 379.7607727050781 636.9849853515625 422.9281005859375],0.69328773021698,None,None
553,38,[331 194 863 571],[503.4338073730469 379.49853515625 644.7969360351562 424.56982421875],0.7106764912605286,None,None
554,38,[339 198 867 571],[509.6627197265625 380.0025939941406 650.4036865234375 425.1623229980469],0.7095950245857239,None,None
555,38,[346 200 870 572],[517.7527465820312 379.3125 658.2634887695312 425.5722961425781],0.7102210521697998,None,None
556,38,[356 202 876 571],[529.968017578125 380.50775146484375 664.5868530273438 424.78570556640625],0.7032732367515564,None,None
557,38,[366 203 882 569],[537.2943115234375 380.45361328125 673.7240600585938 424.3165588378906],0.7088777422904968,None,None
558,38,[374 203 885 565],[544.004150390625 379.3684997558594 679.7888793945312 423.5766906738281],0.7044956684112549,None,None
559,38,[384 203 889 561],[551.7460327148438 378.6068115234375 686.4156494140625 421.25860595703125],0.7009097337722778,None,None
560,38,[393 203 892 556],[559.0462646484375 374.8630065917969 692.0570678710938 416.544189453125],0.688876211643219,None,None
561,38,[402 200 895 550],[567.262939453125 368.5930480957031 700.0576171875 411.08740234375],0.698922336101532,None,None
562,38,[411 194 902 543],[576.1017456054688 359.2318115234375 707.4415893554688 404.8464660644531],0.6873852014541626,None,None
563,38,[421 191 907 535],[585.3897094726562 353.5511169433594 712.8307495117188 397.78662109375],0.7064826488494873,None,None
564,38,[429 186 914 531],[594.6539916992188 350.149658203125 720.7409057617188 394.4297790527344],0.7349126935005188,None,None
565,38,[436 184 919 526],[598.4212036132812 349.3589172363281 725.9808349609375 390.4657287597656],0.7079369425773621,None,None
566,38,[442 182 923 523],[601.9530639648438 347.50238037109375 731.0992431640625 388.70538330078125],0.7081511616706848,None,None
567,38,[448 182 923 520],[610.1868286132812 345.9837951660156 734.0708618164062 387.86322021484375],0.7027502059936523,None,None
568,38,[453 182 924 517],[616.229248046875 344.5277099609375 738.1548461914062 386.6241760253906],0.6845365762710571,None,None
569,38,[458 180 926 512],[617.16064453125 340.54248046875 742.8165283203125 382.870361328125],0.7065014839172363,None,None
570,38,[464 177 928 506],[623.72412109375 333.5484313964844 746.2291259765625 376.0025634765625],0.6949337720870972,None,None
571,38,[469 171 928 497],[624.7600708007812 324.5526123046875 747.2015380859375 367.46075439453125],0.7147060632705688,None,None
572,38,[471 162 930 488],[629.9368896484375 316.0579528808594 749.5328369140625 358.6741638183594],0.7124001979827881,None,None
573,38,[474 152 933 478],[631.5285034179688 308.8317565917969 752.041259765625 350.3898620605469],0.7279210090637207,None,None
574,38,[478 146 935 471],[635.4856567382812 301.5132751464844 756.338623046875 344.2969970703125],0.6937942504882812,None,None
575,38,[425 164 916 511],[538.2484741210938 453.85321044921875 701.785888671875 509.3823547363281],0.7261055111885071,None,None
576,38,[399 172 904 526],[523.8660888671875 458.0939636230469 687.9321899414062 514.674072265625],0.6774693131446838,None,None
577,38,[390 172 913 536],[508.3049011230469 462.06805419921875 674.9954223632812 519.7252197265625],0.704804539680481,None,None
578,38,[378 169 918 541],[489.58074951171875 462.83319091796875 661.8960571289062 521.5742797851562],0.711958110332489,None,None
579,38,[363 164 918 543],[466.2564392089844 457.551513671875 639.1619873046875 518.8828125],0.6927502751350403,None,None
580,38,[348 154 912 535],[439.607421875 447.7654113769531 617.5418090820312 513.3890380859375],0.7260832190513611,None,None
581,38,[328 141 909 531],[417.5397033691406 439.654541015625 593.0042114257812 505.7890319824219],0.7166415452957153,None,None
582,38,[307 127 907 527],[386.6724548339844 436.8918151855469 562.2960205078125 500.9122314453125],0.6561864614486694,None,None
583,38,[282 113 907 526],[355.6301574707031 433.8488464355469 535.412109375 502.90081787109375],0.6957738995552063,None,None
584,38,[260 110 901 529],[323.4014587402344 434.6419677734375 503.2496643066406 507.1547546386719],0.7002954483032227,None,None
585,38,[242 107 903 534],[289.080810546875 437.7676696777344 471.4496765136719 510.9200134277344],0.714946985244751,None,None
586,38,[215 107 898 542],[252.82896423339844 440.56317138671875 438.8096008300781 520.94091796875],0.7246524095535278,None,None
587,38,[197 107 900 549],[216.03399658203125 445.0171813964844 404.3744201660156 531.6204833984375],0.703502357006073,None,None
588,38,[170 107 907 565],[179.00599670410156 451.7417907714844 365.3546142578125 544.2811279296875],0.6331019401550293,None,None
589,38,[142 106 912 578],[136.18385314941406 458.63482666015625 322.03192138671875 561.4697875976562],0.6051345467567444,None,None
590,38,[112 109 919 595],[92.24032592773438 469.1956481933594 275.71319580078125 571.0506591796875],0.531345009803772,None,None
591,38,[87 106 936 609],[51.10329055786133 471.6595458984375 228.33868408203125 584.0437622070312],0.33112841844558716,None,None
628,38,[81 122 1047 631],[837.9808959960938 396.0690002441406 1016.0730590820312 510.54547119140625],0.31562983989715576,None,None
629,38,[79 124 1033 623],[804.3990478515625 399.2487487792969 987.5012817382812 511.0745544433594],0.5881032943725586,None,None
630,38,[80 124 1026 617],[776.9526977539062 402.8103332519531 964.4359741210938 509.5455627441406],0.6526872515678406,None,None
